{
  "name": "root",
  "total": 60.683010599999996,
  "count": 1,
  "self": 60.683010599999996
}