{"count":1,"gauges":{},"self":190.64076799999998,"total":1028.0541857,"children":{"AgentResetIfDone":{"count":232517,"self":1.0877598,"total":1.0877598,"children":null},"AgentSendState":{"count":232517,"self":5.6572964,"total":6.9194403,"children":{"CollectObservations":{"count":232517,"self":1.262144,"total":1.262144,"children":null}}},"DecideAction":{"count":232517,"self":822.82690559999992,"total":826.970096,"children":{"AgentInfo.ToProto":{"count":232517,"self":4.1432091999999994,"total":4.1432091,"children":null}}},"AgentAct":{"count":232517,"self":2.4351444,"total":2.4351444,"children":null}}}