{"count":1,"gauges":{},"self":167.7331072,"total":179.43078939999998,"children":{"AgentResetIfDone":{"count":8950,"self":0.024250999999999998,"total":0.024250999999999998,"children":null},"AgentSendState":{"count":8950,"self":0.0912828,"total":0.1088127,"children":{"CollectObservations":{"count":8950,"self":0.017529899999999998,"total":0.017529899999999998,"children":null}}},"DecideAction":{"count":8950,"self":11.4926576,"total":11.492657699999999,"children":null},"AgentAct":{"count":8950,"self":0.0709668,"total":0.0709668,"children":null}}}